"institution","eaccessionlots","eaudit","ebibliography","ecatalogue","ecollectiondescriptions","ecollectionevents","ecollectionindex","econdition","econservation","edarwincore","edocuments","eeuropeana","eevents","eeventslive","eexhibitobjects","eexpedition","eexports","efieldhelp","efmnhrepatriation","efmnhtransactions","egazetteer","egroups","ehopstocktake","einsurance","einternal","elcdlive","eloans","elocations","eluts","emonographs","emovements","emultimedia","enarratives","enhmstratigraphy","enmairequests","enmnhanalysis","enmnhorig","enmnhtransactionitems","enmnhtransactions","eoperations","eparties","epropagation","eregistry","erights","eschedule","esites","estatistics","etaxonomy","etemplate","ethesaurus","etransactions","etrapevents","etraps","eumnhanalysis","eumnhrequests","eumnhstratigraphy","evaluations","ewebgroups","ewebusers"
"cmoa","eaccessionlots","eaudit","ebibliography","ecatalogue",,,,"econdition","econservation",,"edocuments",,"eevents",,"eexhibitobjects",,"eexports","efieldhelp",,,"egazetteer","egroups",,"einsurance","einternal",,"eloans","elocations","eluts",,"emovements","emultimedia","enarratives",,,,,,,"eoperations","eparties",,"eregistry","erights","eschedule",,"estatistics",,"etemplate","ethesaurus",,,,,,,"evaluations","ewebgroups","ewebusers"
"fmnh","eaccessionlots","eaudit","ebibliography","ecatalogue",,"ecollectionevents",,"econdition","econservation",,"edocuments",,"eevents",,"eexhibitobjects",,"eexports","efieldhelp","efmnhrepatriation","efmnhtransactions","egazetteer","egroups",,"einsurance","einternal",,"eloans","elocations","eluts",,"emovements","emultimedia","enarratives","enhmstratigraphy",,,,,,"eoperations","eparties",,"eregistry","erights","eschedule","esites","estatistics","etaxonomy","etemplate","ethesaurus","etransactions",,,,,,"evaluations","ewebgroups","ewebusers"
"lac","eaccessionlots","eaudit","ebibliography","ecatalogue",,"ecollectionevents",,"econdition","econservation",,"edocuments",,"eevents",,,,"eexports","efieldhelp",,,"egazetteer","egroups",,"einsurance","einternal",,"eloans","elocations","eluts",,"emovements","emultimedia","enarratives","enhmstratigraphy",,,,,,"eoperations","eparties",,"eregistry","erights","eschedule","esites","estatistics","etaxonomy","etemplate","ethesaurus","etransactions",,,,,,"evaluations","ewebgroups","ewebusers"
"manchester","eaccessionlots","eaudit","ebibliography","ecatalogue",,"ecollectionevents",,"econdition","econservation",,"edocuments","eeuropeana","eevents",,"eexhibitobjects",,"eexports","efieldhelp",,,"egazetteer","egroups",,"einsurance","einternal",,"eloans","elocations","eluts",,"emovements","emultimedia","enarratives",,,,,,,"eoperations","eparties",,"eregistry","erights","eschedule","esites","estatistics","etaxonomy","etemplate","ethesaurus",,"etrapevents","etraps",,,,"evaluations",,
"mcmanus","eaccessionlots","eaudit","ebibliography","ecatalogue",,"ecollectionevents",,"econdition","econservation",,"edocuments",,"eevents","eeventslive","eexhibitobjects",,"eexports","efieldhelp",,,"egazetteer","egroups",,"einsurance","einternal","elcdlive","eloans","elocations","eluts",,"emovements","emultimedia","enarratives",,,,,,,"eoperations","eparties",,"eregistry","erights","eschedule","esites","estatistics","etaxonomy","etemplate","ethesaurus",,"etrapevents","etraps",,,,"evaluations",,
"nmai","eaccessionlots","eaudit","ebibliography","ecatalogue",,"ecollectionevents",,"econdition","econservation",,"edocuments",,"eevents",,,"eexpedition","eexports","efieldhelp",,,"egazetteer","egroups",,"einsurance","einternal",,"eloans","elocations","eluts",,"emovements","emultimedia","enarratives",,"enmairequests",,,,,,"eparties",,"eregistry","erights","eschedule","esites","estatistics",,"etemplate","ethesaurus",,,,,,,"evaluations","ewebgroups","ewebusers"
"nmnh",,"eaudit","ebibliography","ecatalogue",,"ecollectionevents","ecollectionindex","econdition","econservation",,"edocuments",,"eevents",,"eexhibitobjects",,"eexports","efieldhelp",,,"egazetteer","egroups",,"einsurance","einternal",,,"elocations","eluts",,"emovements","emultimedia","enarratives",,,"enmnhanalysis","enmnhorig","enmnhtransactionitems","enmnhtransactions","eoperations","eparties",,"eregistry","erights","eschedule",,"estatistics","etaxonomy","etemplate","ethesaurus",,"etrapevents","etraps",,,,"evaluations","ewebgroups","ewebusers"
"nybg","eaccessionlots","eaudit","ebibliography","ecatalogue",,"ecollectionevents","ecollectionindex","econdition","econservation","edarwincore","edocuments",,"eevents",,,,"eexports","efieldhelp",,,"egazetteer","egroups",,"einsurance","einternal",,"eloans","elocations","eluts","emonographs","emovements","emultimedia","enarratives",,,,,,,"eoperations","eparties","epropagation","eregistry","erights","eschedule","esites","estatistics","etaxonomy","etemplate","ethesaurus",,,,,,,"evaluations","ewebgroups","ewebusers"
"umnh","eaccessionlots","eaudit","ebibliography","ecatalogue",,"ecollectionevents",,"econdition","econservation",,"edocuments",,"eevents",,,,"eexports","efieldhelp",,,"egazetteer","egroups",,"einsurance","einternal",,"eloans","elocations","eluts",,"emovements","emultimedia","enarratives",,,,,,,"eoperations","eparties",,"eregistry","erights","eschedule","esites","estatistics","etaxonomy","etemplate","ethesaurus",,"etrapevents","etraps","eumnhanalysis","eumnhrequests","eumnhstratigraphy","evaluations","ewebgroups","ewebusers"
"upenn","eaccessionlots","eaudit","ebibliography","ecatalogue",,"ecollectionevents",,"econdition","econservation",,"edocuments",,"eevents",,,,"eexports","efieldhelp",,,"egazetteer","egroups",,"einsurance","einternal",,"eloans","elocations","eluts",,"emovements","emultimedia","enarratives",,,,,,,"eoperations","eparties",,"eregistry","erights","eschedule","esites","estatistics","etaxonomy","etemplate","ethesaurus",,,,,,,"evaluations","ewebgroups","ewebusers"
"ushmm","eaccessionlots","eaudit","ebibliography","ecatalogue",,,,"econdition","econservation",,"edocuments",,"eevents",,"eexhibitobjects",,"eexports","efieldhelp",,,"egazetteer","egroups","ehopstocktake","einsurance","einternal",,"eloans","elocations","eluts",,"emovements","emultimedia","enarratives",,,,,,,"eoperations","eparties",,"eregistry","erights","eschedule","esites","estatistics",,"etemplate","ethesaurus",,,,,,,"evaluations","ewebgroups","ewebusers"
"whitworth","eaccessionlots","eaudit","ebibliography","ecatalogue","ecollectiondescriptions",,,"econdition","econservation",,"edocuments",,"eevents",,"eexhibitobjects",,"eexports","efieldhelp",,,,"egroups",,"einsurance","einternal",,"eloans","elocations","eluts",,"emovements","emultimedia","enarratives",,,,,,,"eoperations","eparties",,"eregistry","erights","eschedule",,"estatistics",,"etemplate","ethesaurus",,"etrapevents","etraps",,,,"evaluations",,
"wint","eaccessionlots","eaudit","ebibliography","ecatalogue",,,,"econdition","econservation",,"edocuments",,"eevents",,"eexhibitobjects",,"eexports","efieldhelp",,,,"egroups",,"einsurance","einternal",,"eloans","elocations","eluts",,"emovements","emultimedia","enarratives",,,,,,,"eoperations","eparties",,"eregistry","erights","eschedule",,"estatistics",,"etemplate","ethesaurus",,,,,,,"evaluations","ewebgroups","ewebusers"
"ypmnh","eaccessionlots","eaudit","ebibliography","ecatalogue",,"ecollectionevents",,"econdition","econservation",,"edocuments",,"eevents",,,"eexpedition","eexports","efieldhelp",,,"egazetteer","egroups",,"einsurance","einternal",,"eloans","elocations","eluts",,"emovements","emultimedia","enarratives",,,,,,,"eoperations","eparties",,"eregistry","erights","eschedule","esites","estatistics","etaxonomy","etemplate","ethesaurus",,,,,,,"evaluations","ewebgroups","ewebusers"
